{"stats":{"minecraft:picked_up":{"minecraft:lime_wool":1,"minecraft:repeater":32,"minecraft:lever":4,"minecraft:redstone_torch":68,"minecraft:redstone":391},"minecraft:used":{"minecraft:yellow_wool":607,"minecraft:redstone_torch":205,"minecraft:white_wool":192,"minecraft:lever":14,"minecraft:redstone_lamp":28,"minecraft:repeater":191,"minecraft:dirt":2,"minecraft:comparator":3,"minecraft:magenta_wool":175,"minecraft:red_wool":541,"minecraft:grass_block":114,"minecraft:light_blue_wool":179,"minecraft:redstone":1952,"minecraft:lime_wool":619,"minecraft:oak_sign":12,"minecraft:orange_wool":201,"minecraft:blue_wool":497,"minecraft:stone":168,"minecraft:gray_wool":145,"minecraft:purple_wool":45,"minecraft:pink_wool":131},"minecraft:dropped":{"minecraft:lime_wool":1},"minecraft:custom":{"minecraft:time_since_rest":213615,"minecraft:crouch_one_cm":8326,"minecraft:sprint_one_cm":530,"minecraft:play_time":213615,"minecraft:walk_one_cm":419645,"minecraft:sneak_time":10920,"minecraft:drop":1,"minecraft:jump":486,"minecraft:leave_game":1,"minecraft:time_since_death":213615,"minecraft:total_world_time":462311,"minecraft:fly_one_cm":1300521}},"DataVersion":2724}